group,dimension,birth,death,length
recombinant,0,0.0,0.7875000238418579,0.7875000238418579
