group,dimension,birth,death,length
nonrecombinant,0,0.0,0.7875000238418579,0.7875000238418579
