group,dimension,birth,death,length
mixed,0,0.0,0.7875000238418579,0.7875000238418579
